aardvarks,aardvark
abacuses,abacus
abalones,abalone
abandons,abandon
abates,abate
abattoirs,abattoir
abbeys,abbey
abbots,abbot
abbreviates,abbreviate
abbreviations,abbreviation
abductions,abduction
aberrations,aberration
abets,abet
abhors,abhor
abides,abide
abilities,ability
ablates,ablate
ablutions,ablution
abnormalities,abnormality
abodes,abode
abolishes,abolish
abolitionists,abolitionist
aboriginals,aboriginal
aborigines,aborigine
abortions,abortion
abortionists,abortionist
abounds,abound
abrades,abrade
abrasions,abrasion
abrasives,abrasive
abrogates,abrogate
abrogations,abrogation
abscesses,abscess
absconds,abscond
absconders,absconder
absences,absence
absents,absent
absentees,absentee
absolutes,absolute
absolves,absolve
absorbs,absorb
absorbents,absorbent
abstains,abstain
abstainers,abstainer
abstentions,abstention
abstracts,abstract
abstractions,abstraction
absurdities,absurdity
abundances,abundance
abusers,abuser
abuts,abut
abutments,abutment
acacias,acacia
academics,academic
academicians,academician
academies,academy
accedes,accede
accelerates,accelerate
accelerations,acceleration
accelerators,accelerator
accents,accent
accentuates,accentuate
accepts,accept
acceptances,acceptance
acceptations,acceptation
accesses,access
accessions,accession
accessorizes,accessorize
accessories,accessory
accidents,accident
accolades,accolade
accommodates,accommodate
accommodations,accommodation
accompaniments,accompaniment
accompanies,accompany
accomplices,accomplice
accomplishes,accomplish
accomplishments,accomplishment
accords,accord
accordions,accordion
accosts,accost
accounts,account
accountants,accountant
accredits,accredit
accretions,accretion
accruals,accrual
accrues,accrue
accumulates,accumulate
accumulations,accumulation
accumulators,accumulator
accusations,accusation
accuses,accuse
accusers,accuser
accustoms,accustom
aces,ace
acerbates,acerbate
acetates,acetate
aches,ache
achieves,achieve
achievements,achievement
achievers,achiever
acids,acid
acidifies,acidify
acknowledges,acknowledge
acknowledgments,acknowledgment
acmes,acme
acorns,acorn
acoustics,acoustic
acquaintances,acquaintance
acquiesces,acquiesce
acquires,acquire
acquirers,acquirer
acquisitions,acquisition
acquits,acquit
acquittals,acquittal
acres,acre
acreages,acreage
acrobats,acrobat
acrobatics,acrobatic
acronyms,acronym
acrylics,acrylic
acts,act
actions,action
activates,activate
activators,activator
actives,active
activists,activist
activities,activity
actors,actor
actresses,actress
actualities,actuality
actualizes,actualize
actuaries,actuary
actuates,actuate
actuators,actuator
acupuncturists,acupuncturist
ads,ad
adages,adage
adapts,adapt
adaptations,adaptation
adapters,adapter
adaptions,adaption
adds,add
addends,addend
adders,adder
addicts,addict
addictions,addiction
additions,addition
additives,additive
addresses,address
addressees,addressee
adduces,adduce
adenoids,adenoid
adepts,adept
adheres,adhere
adherents,adherent
adhesives,adhesive
adios,adio
adjectives,adjective
adjoins,adjoin
adjourns,adjourn
adjournments,adjournment
adjudicates,adjudicate
adjudications,adjudication
adjudicators,adjudicator
adjuncts,adjunct
adjusts,adjust
adjusters,adjuster
adjustments,adjustment
adjutants,adjutant
admins,admin
administers,administer
administrates,administrate
administrations,administration
administrators,administrator
admirals,admiral
admires,admire
admirers,admirer
admissions,admission
admits,admit
admixes,admix
admixtures,admixture
admonishes,admonish
admonitions,admonition
adobes,adobe
adolescences,adolescence
adolescents,adolescent
adopts,adopt
adopters,adopter
adoptions,adoption
adores,adore
adsorbs,adsorb
adsorbents,adsorbent
adults,adult
adulterants,adulterant
adulterates,adulterate
advances,advance
advancements,advancement
advantages,advantage
adventures,adventure
adventurers,adventurer
adverbs,adverb
adversaries,adversary
adversities,adversity
adverts,advert
advertises,advertise
advertisements,advertisement
advertisers,advertiser
advertorials,advertorial
advises,advise
advisers,adviser
advisories,advisory
advocates,advocate
aerates,aerate
aerators,aerator
aerials,aerial
aerobics,aerobic
aerodromes,aerodrome
aerodynamics,aerodynamic
aerograms,aerogram
aeronautics,aeronautic
aerosols,aerosol
aeries,aery
aesthetics,aesthetic
affairs,affair
affects,affect
affectations,affectation
affections,affection
affidavits,affidavit
affiliates,affiliate
affiliations,affiliation
affinities,affinity
affirms,affirm
affirmations,affirmation
affirmatives,affirmative
affixes,affix
afflicts,afflict
afflictions,affliction
affords,afford
afforests,afforest
afghans,afghan
aficionados,aficionado
afters,after
afterburners,afterburner
aftereffects,aftereffect
afterlives,afterlife
aftermarkets,aftermarket
aftermaths,aftermath
afternoons,afternoon
aftershaves,aftershave
aftershocks,aftershock
afterthoughts,afterthought
afterwards,afterward
afterwords,afterword
agates,agate
ages,age
ageists,ageist
agencies,agency
agendas,agenda
agents,agent
agglomerates,agglomerate
agglomerations,agglomeration
aggravates,aggravate
aggravations,aggravation
aggregates,aggregate
aggregations,aggregation
aggressors,aggressor
agitates,agitate
agitations,agitation
agitators,agitator
agnostics,agnostic
agonies,agony
agrarians,agrarian
agrees,agree
agreements,agreement
agribusinesses,agribusiness
agriculturalists,agriculturalist
agriculturists,agriculturist
agronomists,agronomist
aides,aide
aigrettes,aigrette
ails,ail
ailments,ailment
aims,aim
airs,air
airbags,airbag
airbases,airbasis
airdromes,airdrome
airfares,airfare
airfields,airfield
airguns,airgun
airlines,airline
airliners,airliner
airlocks,airlock
airplanes,airplane
airports,airport
airships,airship
airshows,airshow
airstrips,airstrip
airwaves,airwave
airways,airway
aisles,aisle
aitches,aitch
alarms,alarm
albs,alb
albacores,albacore
albatross,albatros
albatrosses,albatross
albinos,albino
albums,album
alchemists,alchemist
alcohols,alcohol
alcoholics,alcoholic
alcoves,alcove
alders,alder
ales,ale
alerts,alert
algorithms,algorithm
aliases,alias
alibis,alibi
aliens,alien
alienates,alienate
alights,alight
aligns,align
aligners,aligner
alignments,alignment
aliments,aliment
aliyahs,aliyah
alkaloids,alkaloid
alkalies,alkaly
alkyds,alkyd
allays,allay
allegations,allegation
alleges,allege
allegiances,allegiance
allegories,allegory
allergens,allergen
allergists,allergist
allergies,allergy
alleviates,alleviate
alleys,alley
alleyways,alleyway
alliances,alliance
alligators,alligator
allocates,allocate
allocations,allocation
allots,allot
allotments,allotment
allows,allow
allowances,allowance
alloys,alloy
alludes,allude
allusions,allusion
alluviums,alluvium
allies,ally
almanacs,almanac
almonds,almond
almoners,almoner
almshouses,almshouse
aloes,aloe
alpacas,alpaca
alphas,alpha
alphabets,alphabet
alpines,alpine
alts,alt
altars,altar
alters,alter
alterations,alteration
altercations,altercation
alternates,alternate
alternations,alternation
alternatives,alternative
alternators,alternator
altimeters,altimeter
altitudes,altitude
altos,alto
altruists,altruist
alums,alum
amalgams,amalgam
amalgamates,amalgamate
amalgamations,amalgamation
amaranths,amaranth
amasses,amass
amateurs,amateur
amazes,amaze
amazons,amazon
ambassadors,ambassador
ambiguities,ambiguity
ambitions,ambition
ambles,amble
amblers,ambler
ambulances,ambulance
ambulates,ambulate
ambulatories,ambulatory
ambushes,ambush
ameliorates,ameliorate
amends,amend
amendments,amendment
amenities,amenity
amides,amide
amigos,amigo
ammeters,ammeter
amnesties,amnesty
amoebas,amoeba
amortizations,amortization
amortizes,amortize
amounts,amount
amours,amour
amps,amp
amperes,ampere
amphetamines,amphetamine
amphibians,amphibian
amphitheaters,amphitheater
amplifications,amplification
amplifiers,amplifier
amplifies,amplify
amplitudes,amplitude
ampules,ampule
amputates,amputate
amputations,amputation
amputees,amputee
amulets,amulet
amuses,amuse
amusements,amusement
anachronisms,anachronism
anaerobes,anaerobe
analgesics,analgesic
analogs,analog
analogues,analogue
analogies,analogy
analysts,analyst
analyzes,analyze
analyzers,analyzer
anathemas,anathema
anatomies,anatomy
ancestors,ancestor
ancestresses,ancestress
ancestries,ancestry
anchors,anchor
anchorages,anchorage
anchovies,anchovy
ancients,ancient
ancillaries,ancillary
androids,android
anecdotes,anecdote
anemometers,anemometer
anemones,anemone
anesthesiologists,anesthesiologist
anesthetics,anesthetic
anesthetists,anesthetist
aneurysms,aneurysm
angels,angel
angers,anger
angiosperms,angiosperm
angles,angle
anglers,angler
anglophones,anglophone
angoras,angora
angstroms,angstrom
animals,animal
animates,animate
animations,animation
animators,animator
animists,animist
animosities,animosity
anions,anion
ankles,ankle
annals,annal
annalists,annalist
anneals,anneal
annelids,annelid
annexes,annex
annexations,annexation
anniversaries,anniversary
annotates,annotate
annotations,annotation
announces,announce
announcements,announcement
announcers,announcer
annoys,annoy
annoyances,annoyance
annuals,annual
annuitants,annuitant
annuities,annuity
annuls,annul
annulments,annulment
anodes,anode
anoints,anoint
anomalies,anomaly
anons,anon
anopheles,anophele
anoraks,anorak
answers,answer
ants,ant
antacids,antacid
antagonisms,antagonism
antagonists,antagonist
antes,ante
antecedents,antecedent
antelopes,antelope
antennas,antenna
anthems,anthem
anthills,anthill
anthologies,anthology
anthropoids,anthropoid
anthropologists,anthropologist
antis,anti
antibacterials,antibacterial
antibiotics,antibiotic
antibodies,antibody
antics,antic
anticipates,anticipate
anticipations,anticipation
anticlines,anticline
anticoagulants,anticoagulant
anticommunists,anticommunist
anticyclones,anticyclone
antidepressants,antidepressant
antidotes,antidote
antigens,antigen
antihistamines,antihistamine
antioxidants,antioxidant
antipodes,antipode
antiquates,antiquate
antiques,antique
antiquities,antiquity
antiseptics,antiseptic
antispasmodics,antispasmodic
antitheses,antithesis
antivirals,antiviral
antlers,antler
antonyms,antonym
anuses,anus
anvils,anvil
anxieties,anxiety
anythings,anything
anyways,anyway
aortas,aorta
apartments,apartment
aperitifs,aperitif
apertures,aperture
apes,apes
apexes,apex
aphids,aphid
aphorisms,aphorism
aphrodisiacs,aphrodisiac
apiaries,apiary
apologists,apologist
apologizes,apologize
apologies,apology
apostles,apostle
apothecaries,apothecary
apps,app
apparatchiks,apparatchik
apparatuses,apparatus
apparels,apparel
appeals,appeal
appears,appear
appearances,appearance
appellants,appellant
appellations,appellation
appends,append
appendages,appendage
appendectomies,appendectomy
appendices,appendice
appendicitis,appendicitis
appendixes,appendix
appertains,appertain
appetites,appetite
appetizers,appetizer
applauds,applaud
apples,apple
applets,applet
appliances,appliance
applicants,applicant
applications,application
applicators,applicator
appliers,applier
appliques,applique
applies,apply
appoints,appoint
appointees,appointee
appointments,appointment
apportions,apportion
appraisals,appraisal
appraises,appraise
appraisers,appraiser
appreciates,appreciate
appreciations,appreciation
apprehends,apprehend
apprehensions,apprehension
apprentices,apprentice
apprenticeships,apprenticeship
apprises,apprise
approaches,approach
approbations,approbation
appropriates,appropriate
appropriations,appropriation
appropriators,appropriator
approvals,approval
approves,approve
approximates,approximate
approximations,approximation
appurtenances,appurtenance
apricots,apricot
aprons,apron
apses,apse
aptitudes,aptitude
aquas,aqua
aquamarines,aquamarine
aquariums,aquarium
aquatics,aquatic
aqueducts,aqueduct
aquifers,aquifer
arachnids,arachnid
arbiters,arbiter
arbitrages,arbitrage
arbitrageurs,arbitrageur
arbitrates,arbitrate
arbitrators,arbitrator
arbors,arbor
arbores,arbore
arcs,arc
arcades,arcade
arches,arch
archaeologists,archaeologist
archangels,archangel
archbishops,archbishop
archdioceses,archdiocese
archenemies,archenemy
archers,archer
archetypes,archetype
archipelagos,archipelago
architects,architect
architectures,architecture
architraves,architrave
archives,archive
archivists,archivist
archways,archway
ardors,ardor
ares,are
areas,area
arenas,arena
argues,argue
arguments,argument
argyles,argyle
arises,arise
aristocrats,aristocrat
arks,ark
arms,arm
armadas,armada
armadillos,armadillo
armaments,armament
armatures,armature
armchairs,armchair
armlets,armlet
armors,armor
armrests,armrest
armies,army
aromas,aroma
aromatics,aromatic
arouses,arouse
arraigns,arraign
arraignments,arraignment
arranges,arrange
arrangements,arrangement
arrangers,arranger
arrays,array
arrears,arrear
arrests,arrest
arrivals,arrival
arrives,arrive
arrows,arrow
arrowheads,arrowhead
arsonists,arsonist
arts,art
arteries,artery
arthritis,arthritis
artichokes,artichoke
articles,article
articulates,articulate
articulations,articulation
artifacts,artifact
artificers,artificer
artisans,artisan
artists,artist
artistes,artiste
artworks,artwork
arums,arum
ascends,ascend
ascendants,ascendant
ascents,ascent
ascertains,ascertain
ascots,ascot
ascribes,ascribe
ashes,ash
ashrams,ashram
ashtrays,ashtray
asides,aside
asks,ask
aspects,aspect
aspens,aspen
aspersions,aspersion
asphalts,asphalt
aspirants,aspirant
aspirations,aspiration
aspirators,aspirator
aspires,aspire
aspirins,aspirin
asses,ass
assailants,assailant
assassins,assassin
assassinations,assassination
assaults,assault
assays,assay
assayers,assayer
assemblages,assemblage
assembles,assemble
assemblers,assembler
assemblies,assembly
assents,assent
asserts,assert
assertions,assertion
assesses,assess
assessments,assessment
assessors,assessor
assets,asset
assigns,assign
assignations,assignation
assignments,assignment
assimilates,assimilate
assists,assist
assistants,assistant
assizes,assize
associates,associate
associations,association
assorts,assort
assortments,assortment
assuages,assuage
assumes,assume
assumptions,assumption
assurances,assurance
assures,assure
asters,aster
asterisks,asterisk
asteroids,asteroid
asthmatics,asthmatic
astonishes,astonish
astounds,astound
astrologers,astrologer
astronauts,astronaut
astronautics,astronautic
astronomers,astronomer
astrophysics,astrophysic
asylums,asylum
asymmetries,asymmetry
ateliers,atelier
atheists,atheist
athletes,athlete
athletics,athletic
atlases,atlas
atmospheres,atmosphere
atmospherics,atmospheric
atolls,atoll
atoms,atom
atomizers,atomizer
atones,atone
atrocities,atrocity
attaches,attach
attachments,attachment
attacks,attack
attackers,attacker
attains,attain
attainments,attainment
attempts,attempt
attends,attend
attendances,attendance
attendants,attendant
attendees,attendee
attenders,attender
attentions,attention
attenuates,attenuate
attests,attest
attestations,attestation
attics,attic
attires,attire
attitudes,attitude
attorneys,attorney
attracts,attract
attractants,attractant
attractions,attraction
attributes,attribute
attributions,attribution
attributives,attributive
attunes,attune
aubergines,aubergine
auctions,auction
auctioneers,auctioneer
audiences,audience
audios,audio
audiologists,audiologist
audiotapes,audiotape
audiovisuals,audiovisual
audits,audit
auditions,audition
auditors,auditor
auditoriums,auditorium
augers,auger
aughts,aught
augments,augment
augmentations,augmentation
augmenters,augmenter
augurs,augur
auks,auk
aunts,aunt
aunties,auntie
auras,aura
auspices,auspice
authenticates,authenticate
authentications,authentication
authors,author
authoritarians,authoritarian
authorities,authority
authorizations,authorization
authorizes,authorize
autos,auto
autobiographies,autobiography
autoclaves,autoclave
autocracies,autocracy
autocrats,autocrat
automakers,automaker
automates,automate
automatics,automatic
automatons,automaton
automobiles,automobile
autopsies,autopsy
autoworkers,autoworker
autumns,autumn
auxiliaries,auxiliary
avails,avail
avalanches,avalanch
avatars,avatar
avenges,avenge
avengers,avenger
avenues,avenue
avers,aver
averages,average
aversions,aversion
averts,avert
aviaries,aviary
aviators,aviator
avionics,avionic
avocados,avocado
avocations,avocation
avoids,avoid
avows,avow
awaits,await
awakes,awake
awakens,awaken
awakenings,awakening
awards,award
awes,awe
awns,awn
awnings,awning
axes,axe
axioms,axiom
axles,axle
axons,axon
ayes,aye
azaleas,azalea
azures,azure
babblers,babbler
babes,babe
baboons,baboon
babushkas,babushka
babies,baby
babysits,babysit
babysitters,babysitter
baccalaureates,baccalaureate
bachelors,bachelor
backs,back
backaches,backach
backbones,backbone
backers,backer
backfires,backfire
backgrounds,background
backgrounders,backgrounder
backhoes,backhoe
backings,backing
backlashes,backlash
backlogs,backlog
backpacks,backpack
backpackers,backpacker
backrooms,backroom
backslides,backslide
backsliders,backslider
backstairs,backstair
backstops,backstop
backstreets,backstreet
backtracks,backtrack
backups,backup
backwards,backward
backwaters,backwater
backwoods,backwood
backyards,backyard
bactericides,bactericide
bacteriologists,bacteriologist
badges,badge
badgers,badger
badlands,badland
baffles,baffle
bafflers,baffler
bags,bag
baguettes,baguette
bahts,baht
bails,bail
baileys,bailey
bailiffs,bailiff
bailiwicks,bailiwick
bailouts,bailout
baits,bait
bakes,bake
bakers,baker
bakeries,bakery
balances,balance
balboas,balboa
balconies,balcony
balds,bald
bales,bale
balers,baler
balks,balk
balls,ball
ballads,ballad
ballasts,ballast
ballerinas,ballerina
ballgames,ballgame
ballistics,ballistic
balloons,balloon
ballots,ballot
ballparks,ballpark
ballpoints,ballpoint
ballrooms,ballroom
balms,balm
balsams,balsam
balustrades,balustrade
bamboos,bamboo
bans,ban
bananas,banana
bands,band
bandages,bandage
bandits,bandit
bandleaders,bandleader
bandwagons,bandwagon
bandwidths,bandwidth
bandies,bandy
banes,bane
bangs,bang
bangles,bangle
banjos,banjo
banks,bank
bankbooks,bankbook
bankcards,bankcard
bankers,banker
banknotes,banknote
bankrolls,bankroll
bankrupts,bankrupt
bankruptcies,bankruptcy
banns,bann
banners,banner
banquets,banquet
banquettes,banquette
baobabs,baobab
baptists,baptist
bars,bar
barbs,barb
barbarians,barbarian
barbecues,barbecue
barbels,barbel
barbers,barber
barberries,barberry
barbershops,barbershop
barbiturates,barbiturate
bards,bard
bares,bare
bargains,bargain
bargainers,bargainer
barges,barge
barks,bark
barkers,barker
barmaids,barmaid
barns,barn
barnacles,barnacle
barometers,barometer
barons,baron
baronets,baronet
barracks,barrack
barracudas,barracuda
barrages,barrage
barres,barre
barrels,barrel
barrens,barren
barricades,barricade
barriers,barrier
barrings,barring
barrios,barrio
barristers,barrister
barrows,barrow
bartenders,bartender
barters,barter
baseballs,baseball
baselines,baseline
basements,basement
bashes,bash
basics,basic
basilicas,basilica
basins,basin
bases,basis
basks,bask
baskets,basket
basques,basque
basses,bass
bassets,basset
bastards,bastard
bastes,baste
basters,baster
bastions,bastion
bats,bat
batches,batch
bates,bate
baths,bath
bathers,bather
bathhouses,bathhouse
bathos,batho
bathrobes,bathrobe
bathrooms,bathroom
bathtubs,bathtub
batiks,batik
batons,baton
battalions,battalion
battens,batten
batters,batter
batterers,batterer
batterings,battering
batteries,battery
battles,battle
battlefields,battlefield
battlegrounds,battleground
battlements,battlement
battlers,battler
bauds,baud
bawds,bawd
bawls,bawl
bays,bay
bayberries,bayberry
bayonets,bayonet
bayous,bayou
bazaars,bazaar
beaches,beach
beachcombers,beachcomber
beachheads,beachhead
beacons,beacon
beads,bead
beaks,beak
beakers,beaker
beams,beam
beans,bean
beanbags,beanbag
bears,bear
beards,beard
bearers,bearer
bearings,bearing
beasts,beast
beats,beat
beaters,beater
beatings,beating
beaus,beau
beauticians,beautician
beautifiers,beautifier
beautifies,beautify
beauties,beauty
beavers,beaver
becks,beck
beckons,beckon
becomes,become
becquerels,becquerel
beds,bed
bedbugs,bedbug
bedclothes,bedclothe
bedevils,bedevil
bedfellows,bedfellow
bedrocks,bedrock
bedrooms,bedroom
bedsides,bedside
bedspreads,bedspread
bees,bee
beeches,beech
beefs,beef
beehives,beehive
beekeepers,beekeeper
beeps,beep
beepers,beeper
beers,beer
beets,beet
beetles,beetle
beetroots,beetroot
befalls,befall
befits,befit
begs,beg
begets,beget
beggars,beggar
begins,begin
beginners,beginner
beginnings,beginning
begonias,begonia
begrudges,begrudge
begums,begum
behaves,behave
behaviors,behavior
behaviorists,behaviorist
beheads,behead
behemoths,behemoth
behinds,behind
beholds,behold
beholders,beholder
behooves,behoove
beings,being
belays,belay
beleaguers,beleaguer
beliefs,belief
believes,believe
believers,believer
belittles,belittle
bells,bell
belles,belle
belligerents,belligerent
bellows,bellow
bellwethers,bellwether
bellies,belly
belongs,belong
belongings,belonging
belts,belt
beltways,beltway
belies,bely
bemoans,bemoan
bemuses,bemuse
benches,bench
benchmarks,benchmark
bends,bend
benders,bender
benefactors,benefactor
benefices,benefice
beneficiaries,beneficiary
bents,bent
bequeaths,bequeath
bequests,bequest
berates,berate
bereavements,bereavement
berets,beret
bergs,berg
berks,berk
berms,berm
berries,berry
berths,berth
besets,beset
besides,beside
besoms,besom
besots,besot
bespeaks,bespeak
bests,best
bestows,bestow
bestowals,bestowal
bestrides,bestride
bestsellers,bestseller
bets,bet
betas,beta
betimes,betime
betokens,betoken
betrays,betray
betrayals,betrayal
betrothals,betrothal
betters,better
bevels,bevel
beverages,beverage
bevies,bevy
bewails,bewail
beys,bey
biases,bias
bibs,bib
bibles,bible
bibliographies,bibliography
bicarbonates,bicarbonate
biceps,bicep
bickers,bicker
bicycles,bicycle
bicyclers,bicycler
bicyclists,bicyclist
bids,bid
bidders,bidder
biddies,biddy
bides,bide
bidets,bidet
biennials,biennial
biers,bier
biffs,biff
bifocals,bifocal
bifurcates,bifurcate
bifurcations,bifurcation
biggies,biggy
bights,bight
bigots,bigot
bigwigs,bigwig
bikes,bike
bikers,biker
bilberries,bilberry
bilinguals,bilingual
bilks,bilk
bills,bill
billboards,billboard
billets,billet
billiards,billiard
billings,billing
billions,billion
billionaires,billionaire
billows,billow
billies,billy
bins,bin
binaries,binary
binds,bind
binders,binder
binderies,bindery
bindings,binding
binges,binge
binoculars,binocular
binomials,binomial
bios,bio
biochemicals,biochemical
biochemists,biochemist
biodegrades,biodegrade
bioethics,bioethic
biographies,biography
biologists,biologist
bionics,bionic
biophysics,biophysic
biophysicists,biophysicist
biopsies,biopsy
biospheres,biosphere
bipeds,biped
birches,birch
birds,bird
birders,birder
birdwatchers,birdwatcher
births,birth
birthdays,birthday
birthplaces,birthplace
birthrates,birthrate
bis,bis
biscuits,biscuit
bisects,bisect
bisectors,bisector
bisexuals,bisexual
bishops,bishop
bistros,bistro
bits,bit
bites,bite
bitmaps,bitmap
bitters,bitter
bitterns,bittern
bivalves,bivalve
blabs,blab
blacks,black
blackberries,blackberry
blackbirds,blackbird
blackboards,blackboard
blackens,blacken
blackjacks,blackjack
blacklists,blacklist
blackmailers,blackmailer
blackouts,blackout
blacksmiths,blacksmith
blacktops,blacktop
bladders,bladder
blades,blade
blags,blag
blahs,blah
blames,blame
blanches,blanch
blanks,blank
blankets,blanket
blasts,blast
blasters,blaster
blats,blat
blazes,blaze
blazers,blazer
bleaches,bleach
bleachers,bleacher
bleats,bleat
bleeds,bleed
blemishes,blemish
blends,blend
blenders,blender
blesses,bless
blessings,blessing
blights,blight
blimps,blimp
blinds,blind
blinders,blinder
blindsides,blindside
blinis,blini
blinks,blink
blinkers,blinker
blips,blip
blisters,blister
blitzes,blitze
blizzards,blizzard
blobs,blob
blocs,bloc
blocks,block
blockades,blockade
blockaders,blockader
blockages,blockage
blockers,blocker
blockhouses,blockhouse
blogs,blog
bloggers,blogger
blonds,blond
bloods,blood
bloodhounds,bloodhound
bloodlines,bloodline
bloodmobiles,bloodmobile
blooms,bloom
blossoms,blossom
blots,blot
blotters,blotter
blouses,blouse
blows,blow
blowers,blower
blowouts,blowout
blowtorches,blowtorch
blowups,blowup
blues,blue
blueberries,blueberry
bluejeans,bluejean
blueprints,blueprint
bluffers,bluffer
blunders,blunder
blunts,blunt
blurs,blur
blurbs,blurb
blurts,blurt
boas,boa
boars,boar
boards,board
boarders,boarder
boardrooms,boardroom
boardwalks,boardwalk
boasts,boast
boats,boat
boaters,boater
boatloads,boatload
boatswains,boatswain
boatyards,boatyard
bobs,bob
bobbins,bobbin
bobcats,bobcat
bobwhites,bobwhite
bods,bod
bodes,bode
bodegas,bodega
bodges,bodge
bodies,body
bodyguards,bodyguard
bodysuits,bodysuit
bogs,bog
boils,boil
boilers,boiler
boilermakers,boilermaker
boinks,boink
bolas,bola
boles,bole
boleros,bolero
bolivars,bolivar
bolivares,bolivar
bolls,boll
bollards,bollard
bollocks,bollock
bolsters,bolster
bolts,bolt
bombs,bomb
bombardments,bombardment
bombers,bomber
bombings,bombing
bombshells,bombshell
bonanzas,bonanza
bonds,bond
bondholders,bondholder
bones,bone
boners,boner
bonfires,bonfire
bongs,bong
bongos,bongo
bonitos,bonito
bonks,bonk
bonkers,bonker
bonnets,bonnet
bonuses,bonus
boos,boo
boobs,boob
boobies,booby
books,book
bookbinders,bookbinder
bookcases,bookcase
bookends,bookend
bookings,booking
bookkeepers,bookkeeper
booklets,booklet
bookmakers,bookmaker
bookmarks,bookmark
bookmobiles,bookmobile
booksellers,bookseller
bookshelves,bookshelf
bookshops,bookshop
bookstores,bookstore
booms,boom
boomers,boomer
boomerangs,boomerang
boons,boon
boondocks,boondock
boondoggles,boondoggle
boors,boor
boosts,boost
boosters,booster
boots,boot
bootblacks,bootblack
bootees,bootee
booths,booth
bootleggers,bootlegger
bootstraps,bootstrap
booties,booty
boozers,boozer
bops,bop
borders,border
borderlands,borderland
borderlines,borderline
bores,bore
boreholes,borehole
borers,borer
boroughs,borough
borrows,borrow
borrowers,borrower
borrowings,borrowing
bosoms,bosom
bosses,boss
bots,bot
botanists,botanist
bothers,bother
bottles,bottle
bottlenecks,bottleneck
bottlers,bottler
bottoms,bottom
bougainvilleas,bougainvillea
boughs,bough
boulders,boulder
boules,boule
boulevards,boulevard
bounces,bounce
bouncers,bouncer
bounds,bound
boundaries,boundary
bounties,bounty
bouquets,bouquet
bourbons,bourbon
bouts,bout
boutiques,boutique
bovines,bovine
bows,bow
bowels,bowel
bowers,bower
bowls,bowl
bowlers,bowler
boxes,box
boxcars,boxcar
boxers,boxer
boys,boy
boycotts,boycott
boyfriends,boyfriend
boysenberries,boysenberry
bras,bra
braces,brace
bracelets,bracelet
braceros,bracero
brackets,bracket
bracts,bract
brads,brad
braes,brae
brags,brag
braids,braid
brains,brain
brainstorms,brainstorm
brainteasers,brainteaser
braises,braise
brakes,brake
brambles,bramble
branches,branch
brands,brand
branders,brander
brandies,brandy
brasseries,brasseries
brassieres,brassiere
brats,brat
braves,brave
bravos,bravo
brawls,brawl
brays,bray
brazes,braze
brazers,brazer
breaches,breach
breads,bread
breadbaskets,breadbasket
breadcrumbs,breadcrumb
breadfruits,breadfruit
breadlines,breadline
breadths,breadth
breadwinners,breadwinner
breaks,break
breakages,breakage
breakdowns,breakdown
breakers,breaker
breakfasts,breakfast
breakouts,breakout
breakpoints,breakpoint
breakthroughs,breakthrough
breakups,breakup
breakwaters,breakwater
breams,bream
breasts,breast
breastfeeds,breastfeed
breastplates,breastplate
breastworks,breastwork
breaths,breath
breathalyzers,breathalyzer
breathes,breathe
breeches,breeches
breeds,breed
breeders,breeder
breezes,breeze
breves,breve
brevets,brevet
brews,brew
brewers,brewer
breweries,brewery
bribes,bribe
bribers,briber
bricks,brick
brickbats,brickbat
bricklayers,bricklayer
brickyards,brickyard
brides,bride
bridegrooms,bridegroom
bridges,bridge
bridgeheads,bridgehead
bridles,bridle
bridleways,bridleway
briefs,brief
briefcases,briefcase
briefings,briefing
briers,brier
brigs,brig
brigades,brigade
brigadiers,brigadier
brigands,brigand
brights,bright
brightens,brighten
brighteners,brightener
brims,brim
brings,bring
bringers,bringer
brinks,brink
briquettes,briquette
brisks,brisk
briskets,brisket
bristles,bristle
bros,bro
broaches,broach
broads,broad
broadcasts,broadcast
broadcasters,broadcaster
broadens,broaden
broadsheets,broadsheet
brocades,brocade
brochettes,brochette
brochures,brochure
broils,broil
broilers,broiler
brokers,broker
brokerages,brokerage
bromides,bromide
bronchitis,bronchitis
broncos,bronco
bronzes,bronze
brooches,brooch
broods,brood
brooders,brooder
brooks,brook
brooms,broom
broomsticks,broomstick
broths,broth
brothels,brothel
brothers,brother
brotherhoods,brotherhood
brows,brow
browns,brown
brownouts,brownout
browsers,browser
bruins,bruin
bruises,bruise
bruits,bruit
brunches,brunch
brushes,brush
brushstrokes,brushstroke
brutalities,brutality
brutes,brute
bubbles,bubble
bucks,buck
buckets,bucket
buckles,buckle
buds,bud
buddings,budding
buddies,buddy
budges,budge
budgerigars,budgerigar
budgets,budget
buffaloes,buffalo
buffers,buffer
buffets,buffet
bugs,bug
bugbears,bugbear
buggies,buggy
bugles,bugle
builds,build
builders,builder
buildings,building
buildups,buildup
bulbs,bulb
bulges,bulge
bulks,bulk
bulkheads,bulkhead
bulls,bull
bulldozes,bulldoze
bulldozers,bulldozer
bullets,bullet
bulletins,bulletin
bullfrogs,bullfrog
bullocks,bullock
bullies,bully
bulrushes,bulrush
bulwarks,bulwark
bums,bum
bumblebees,bumblebee
bumps,bump
bumpers,bumper
buns,bun
bunches,bunch
bundles,bundle
bungs,bung
bungalows,bungalow
bunks,bunk
bunkers,bunker
bunkhouses,bunkhouse
bunnies,bunny
bunts,bunt
buntings,bunting
buoys,buoy
burbs,burb
burdens,burden
bureaus,bureau
bureaucracies,bureaucracy
bureaucrats,bureaucrat
burgs,burg
burgeons,burgeon
burgers,burger
burghers,burgher
burglars,burglar
burglaries,burglary
burgomasters,burgomaster
burials,burial
burls,burl
burns,burn
burnables,burnable
burners,burner
burnouts,burnout
burps,burp
burrs,burr
burros,burro
burrows,burrow
burrowers,burrower
bursars,bursar
bursaries,bursary
bursitis,bursitis
bursts,burst
buries,bury
buses,bus
minibuses,bus
abuses,bus
trolleybuses,bus
syllabuses,bus
airbuses,bus
omnibuses,bus
buss,bus
busboys,busboy
bushes,bush
bushels,bushel
bushings,bushing
businesses,business
businesspersons,businessperson
busts,bust
busters,buster
busies,busy
busybodies,busybody
buts,but
butchers,butcher
butcheries,butchery
butlers,butler
butts,butt
buttes,butte
butters,butter
butterflies,butterfly
butternuts,butternut
buttocks,buttock
buttons,button
buttresses,buttress
buys,buy
buybacks,buyback
buyers,buyer
buyouts,buyout
buzzards,buzzard
buzzers,buzzer
buzzwords,buzzword
byes,bye
bygones,bygone
bylaws,bylaw
bylines,byline
bypasses,bypass
byproducts,byproduct
byres,byre
byroads,byroad
bystanders,bystander
bytes,byte
byways,byway
cabs,cab
cabals,cabal
caballeros,caballero
cabanas,cabana
cabbages,cabbage
cabdrivers,cabdriver
cabins,cabin
cabinets,cabinet
cabinetmakers,cabinetmaker
cables,cable
cablecasts,cablecast
cablegrams,cablegram
cabooses,caboose
cacaos,cacao
caches,cach
cacophonies,cacophony
cads,cad
cadavers,cadaver
caddies,caddy
cadets,cadet
cadges,cadge
cadres,cadre
cafes,cafe
cafeterias,cafeteria
caffs,caff
cages,cage
cagoules,cagoule
caissons,caisson
cajoles,cajole
cakes,cake
calabashes,calabash
calamaris,calamari
calamities,calamity
calcifies,calcify
calcines,calcine
calculates,calculate
calculations,calculation
calculators,calculator
calderas,caldera
calendars,calendar
calenders,calender
calves,calf
calibrates,calibrate
calibrations,calibration
calibrators,calibrator
calipers,caliper
caliphs,caliph
caliphates,caliphate
calisthenics,calisthenic
calls,call
callas,calla
callbacks,callback
callers,caller
calligraphers,calligrapher
callings,calling
calms,calm
calories,calory
cams,cam
cambers,camber
camcorders,camcorder
camels,camel
cameos,cameo
cameras,camera
camisoles,camisole
camps,camp
campaigns,campaign
campaigners,campaigner
campers,camper
campfires,campfire
campgrounds,campground
campsites,campsite
campuses,campuse
cans,can
canals,canal
canaries,canary
cancels,cancel
cancellations,cancellation
cancers,cancer
candidacies,candidacy
candidates,candidate
candidatures,candidature
candles,candle
candlers,candler
candies,candy
canes,cane
caners,caner
canines,canine
canisters,canister
cankers,canker
cannabis,cannabis
canneries,cannery
cannibals,cannibal
cannons,cannon
canoes,canoe
canons,canon
canopies,canopy
cants,cant
cantaloupes,cantaloupe
cantatas,cantata
canteens,canteen
canters,canter
cantilevers,cantilever
cantons,canton
cantonments,cantonment
cantors,cantor
canvases,canvas
canvasses,canvass
canvassers,canvasser
canyons,canyon
caps,cap
capabilities,capability
capacitors,capacitor
capacities,capacity
caparisons,caparison
capes,cape
capers,caper
capillaries,capillary
capitals,capital
capitalists,capitalist
capitalizes,capitalize
capitations,capitation
capitols,capitol
capitulates,capitulate
capitulations,capitulation
caplets,caplet
capos,capo
capsicums,capsicum
capsizes,capsize
capstans,capstan
capsules,capsule
capsulizes,capsulize
captains,captain
captaincies,captaincy
captions,caption
captives,captive
captors,captor
captures,capture
cars,car
carafes,carafe
caramels,caramel
carapaces,carapace
carats,carat
caravans,caravan
caravels,caravel
carbides,carbide
carbohydrates,carbohydrate
carbons,carbon
carbonates,carbonate
carbonizes,carbonize
carboys,carboy
carburetors,carburetor
carcasses,carcass
carcinogens,carcinogen
carcinogenics,carcinogenic
carcinomas,carcinoma
cards,card
cardamoms,cardamom
cardamons,cardamon
carders,carder
cardholders,cardholder
cardigans,cardigan
cardinals,cardinal
cardiographs,cardiograph
cardiologists,cardiologist
cares,care
careers,career
caregivers,caregiver
carers,carer
carets,caret
caretakers,caretaker
carves,carf
cargoes,cargo
caricatures,caricature
carjackers,carjacker
carjackings,carjacking
carloads,carload
carmines,carmine
carnations,carnation
carnivals,carnival
carnivores,carnivore
carnies,carny
carobs,carob
carols,carol
carolers,caroler
carps,carp
carpals,carpal
carpenters,carpenter
carpets,carpet
carpools,carpool
carports,carport
carrels,carrel
carriages,carriage
carriageways,carriageway
carriers,carrier
carrots,carrot
carries,carry
carryalls,carryall
carryovers,carryover
carts,cart
cartels,cartel
carters,carter
cartilages,cartilage
cartographers,cartographer
cartons,carton
cartoons,cartoon
cartoonists,cartoonist
cartridges,cartridge
cartwheels,cartwheel
carvers,carver
carvings,carving
caries,cary
cascades,cascade
cases,case
caseloads,caseload
casements,casement
caseworkers,caseworker
cashes,cash
cashbooks,cashbook
cashews,cashew
cashiers,cashier
casings,casing
casinos,casino
casks,cask
cassavas,cassava
casseroles,casserole
cassettes,cassette
casts,cast
castanets,castanet
castes,caste
casters,caster
castings,casting
castles,castle
castoffs,castoff
castrates,castrate
castrations,castration
casuals,casual
casualties,casualty
cats,cat
cataclysms,cataclysm
catacombs,catacomb
catalogs,catalog
catalysts,catalyst
catalyzes,catalyze
catamarans,catamaran
catapults,catapult
cataracts,cataract
catastrophes,catastrophe
catcalls,catcall
catches,catch
catchers,catcher
catchments,catchment
catchphrases,catchphrase
catechists,catechist
categorizations,categorization
categorizes,categorize
categories,category
caters,cater
caterers,caterer
caterings,catering
caterpillars,caterpillar
catfishes,catfish
cathedrals,cathedral
catheters,catheter
catheterizes,catheterize
cathodes,cathode
catkins,catkin
cattails,cattail
catwalks,catwalk
caucuses,caucus
cauliflowers,cauliflower
caulkers,caulker
causalities,causality
causes,cause
causers,causer
causeries,causerie
causeways,causeway
caustics,caustic
cautions,caution
cavaliers,cavalier
caves,cave
caveats,caveat
cavers,caver
caverns,cavern
cavities,cavity
caws,caw
cays,cay
caymans,cayman
ceases,cease
ceasefires,ceasefire
cedars,cedar
cedes,cede
ceders,ceder
ceilings,ceiling
celebrates,celebrate
celebrations,celebration
celebrities,celebrity
cells,cell
cellars,cellar
cellos,cello
cellphones,cellphone
cellulars,cellular
cements,cement
cementers,cementer
cemeteries,cemetery
cenotaphs,cenotaph
censers,censer
censors,censor
censures,censure
censuses,census
cents,cent
centaurs,centaur
centavos,centavo
centers,center
centerboards,centerboard
centerpieces,centerpiece
centimes,centime
centimeters,centimeter
centipedes,centipede
centrals,central
centralizes,centralize
centralizers,centralizer
centrifuges,centrifuge
centrists,centrist
centurions,centurion
centuries,century
ceramics,ceramic
ceramists,ceramist
cereals,cereal
ceremonials,ceremonial
ceremonies,ceremony
certs,cert
certainties,certainty
certificates,certificate
certifications,certification
certifies,certify
certitudes,certitude
cervices,cervice
cesareans,cesarean
cessions,cession
cesspits,cesspit
cesspools,cesspool
cetaceans,cetacean
chads,chad
chaffinches,chaffinch
chains,chain
chainsaws,chainsaw
chairs,chair
chairlifts,chairlift
chairmanships,chairmanship
chairpersons,chairperson
chaises,chaise
chalets,chalet
chalks,chalk
chalkboards,chalkboard
challenges,challenge
challengers,challenger
chambers,chamber
chamberlains,chamberlain
chambermaids,chambermaid
chameleons,chameleon
champs,champ
champers,champer
champions,champion
championships,championship
chances,chance
chancels,chancel
chancelleries,chancellery
chancellors,chancellor
chandeliers,chandelier
chandlers,chandler
changes,change
changeovers,changeover
changers,changer
channels,channel
channelizes,channelize
chansons,chanson
chants,chant
chanters,chanter
chaps,chap
chapatis,chapati
chapels,chapel
chaplains,chaplain
chaplets,chaplet
chappies,chappy
chapters,chapter
chars,char
characters,character
characteristics,characteristic
characterizations,characterization
characterizes,characterize
charades,charade
charges,charge
chargers,charger
chariots,chariot
charities,charity
charlatans,charlatan
charlies,charly
charms,charm
charmers,charmer
charts,chart
charters,charter
charterers,charterer
chases,chase
chasers,chaser
chasms,chasm
chassis,chassis
chats,chat
chattels,chattel
chauffeurs,chauffeur
cheapens,cheapen
cheats,cheat
cheaters,cheater
checks,check
checkbooks,checkbook
checkers,checker
checkerboards,checkerboard
checklists,checklist
checkoffs,checkoff
checkpoints,checkpoint
checkrooms,checkroom
checkups,checkup
cheeks,cheek
cheeps,cheep
cheers,cheer
cheerleaders,cheerleader
cheeses,cheese
cheeseburgers,cheeseburger
cheetahs,cheetah
chefs,chef
chemicals,chemical
chemises,chemise
chemists,chemist
cherishes,cherish
cheroots,cheroot
cherries,cherry
chessboards,chessboard
chests,chest
chesterfields,chesterfield
chestnuts,chestnut
chevaliers,chevalier
chevrons,chevron
chews,chew
chewers,chewer
chicanes,chicane
chichis,chichi
chicks,chick
chickens,chicken
chickpeas,chickpea
chides,chide
chiefs,chief
chieftains,chieftain
chieftainships,chieftainship
chiggers,chigger
childbirths,childbirth
childhoods,childhood
childminders,childminder
chills,chill
chillers,chiller
chillies,chilly
chilies,chily
chimes,chime
chimneys,chimney
chimps,chimp
chimpanzees,chimpanzee
chins,chin
chines,chine
chinks,chink
chinos,chino
chinstraps,chinstrap
chips,chip
chippers,chipper
chippings,chipping
chiropodists,chiropodist
chirps,chirp
chisels,chisel
chits,chit
chitterlings,chitterling
chives,chive
chlorides,chloride
chlorofluorocarbons,chlorofluorocarbon
chloroplasts,chloroplast
chocs,choc
chocks,chock
chocoholics,chocoholic
chocolates,chocolate
choices,choice
choirs,choir
chokes,choke
chomps,chomp
chooses,choose
choosers,chooser
chops,chop
choppers,chopper
chopsticks,chopstick
chords,chord
chordates,chordate
chores,chore
choreographs,choreograph
choreographers,choreographer
choruses,choruse
chows,chow
christens,christen
chromosomes,chromosome
chronicles,chronicle
chronologies,chronology
chrysalises,chrysalise
chrysanthemums,chrysanthemum
chubs,chub
chucks,chuck
chuckles,chuckle
chugs,chug
chums,chum
chumps,chump
chunks,chunk
churches,church
churchyards,churchyard
churns,churn
churners,churner
chutes,chute
chutneys,chutney
ciaos,ciao
cicadas,cicada
cicatrices,cicatrice
ciders,cider
cigars,cigar
cigarettes,cigarette
cigarillos,cigarillo
cinemas,cinema
cinematographers,cinematographer
ciphers,cipher
circles,circle
circuits,circuit
circulars,circular
circulates,circulate
circulations,circulation
circumcises,circumcise
circumcisions,circumcision
circumferences,circumference
circumscribes,circumscribe
circumscriptions,circumscription
circumstances,circumstance
circumvents,circumvent
circuses,circus
cirques,cirque
cirrhotics,cirrhotic
cisterns,cistern
citations,citation
cites,cite
citizens,citizen
citrons,citron
citruses,citrus
cities,city
civets,civet
civics,civic
civilians,civilian
civilizations,civilization
clacks,clack
claims,claim
claimants,claimant
claimers,claimer
clams,clam
clamps,clamp
clans,clan
clanks,clank
claps,clap
clarifications,clarification
clarifies,clarify
clashes,clash
clasps,clasp
classes,class
classics,classic
classicists,classicist
classifications,classification
classifieds,classified
classifiers,classifier
classifies,classify
classmates,classmate
classrooms,classroom
clauses,clause
claws,claw
cleans,clean
cleaners,cleaner
cleanings,cleaning
cleanses,cleanse
cleansers,cleanser
cleanups,cleanup
clears,clear
clearances,clearance
clearings,clearing
clearinghouses,clearinghouse
cleats,cleat
cleavages,cleavage
cleaves,cleave
cleavers,cleaver
clefs,clef
clefts,cleft
clementines,clementine
clerics,cleric
clerks,clerk
clews,clew
cliches,clich
clicks,click
clickers,clicker
clients,client
clienteles,clientele
cliffs,cliff
climates,climate
climatologists,climatologist
climaxes,climaxe
climbs,climb
climbers,climber
climes,clime
clings,cling
clinics,clinic
clinicians,clinician
clinkers,clinker
cliometrics,cliometric
clips,clip
clipboards,clipboard
clippers,clippers
clippings,clipping
cliques,clique
cloaks,cloak
cloakrooms,cloakroom
clocks,clock
clockworks,clockwork
clods,clod
clogs,clog
cloisters,cloister
clones,clone
clops,clop
closes,close
closeouts,closeout
closets,closet
closings,closing
closures,closure
clots,clot
cloths,cloth
clothes,clothe
clothespins,clothespin
clothiers,clothier
clotures,cloture
clouds,cloud
cloudbursts,cloudburst
clouts,clout
cloves,clove
clovers,clover
clowns,clown
cloys,cloy
clubs,club
clubhouses,clubhouse
clucks,cluck
clues,clue
clumps,clump
clunkers,clunker
clusters,cluster
clutches,clutch
cnidarians,cnidarian
coaches,coach
coachloads,coachload
coagulants,coagulant
coagulates,coagulate
coagulators,coagulator
coals,coal
coalesces,coalesce
coalfields,coalfield
coalitions,coalition
coalmines,coalmine
coasts,coast
coasters,coaster
coastguards,coastguard
coastlines,coastline
coats,coat
coatings,coating
coattails,coattail
coauthors,coauthor
cobs,cob
cobbers,cobber
cobbles,cobble
cobblers,cobbler
cobblestones,cobblestone
cobras,cobra
cobwebs,cobweb
cocks,cock
cockatoos,cockatoo
cockerels,cockerel
cockles,cockle
cockroaches,cockroach
cockscombs,cockscomb
cocktails,cocktail
cocos,coco
cocoas,cocoa
coconuts,coconut
cocoons,cocoon
cods,cod
codas,coda
codes,code
coders,coder
codices,codice
codifiers,codifier
codifies,codify
coeds,coed
coefficients,coefficient
coequals,coequal
coerces,coerce
coercers,coercer
coexists,coexist
coffees,coffee
coffeehouses,coffeehouse
coffeemakers,coffeemaker
coffers,coffer
cofferdams,cofferdam
coffins,coffin
cogitations,cogitation
cognacs,cognac
cognates,cognate
cohabits,cohabit
cohabitants,cohabitant
coheirs,coheir
coheres,cohere
cohorts,cohort
coifs,coif
coils,coil
coins,coin
coincides,coincide
coincidences,coincidence
coiners,coiner
cokes,coke
cols,col
colas,cola
colds,cold
colitis,colitis
collaborates,collaborate
collaborations,collaboration
collaborators,collaborator
collages,collage
collapses,collapse
collars,collar
collards,collard
collates,collate
collations,collation
collators,collator
colleagues,colleague
collects,collect
collectibles,collectible
collections,collection
collectives,collective
collectivists,collectivist
collectivizes,collectivize
collectors,collector
colleges,college
collegians,collegian
collides,collide
collies,collie
colliers,collier
collieries,colliery
collisions,collision
colloids,colloid
colloquiums,colloquium
colloquies,colloquy
colludes,collude
colognes,cologne
colons,colon
colones,colone
colonels,colonel
colonials,colonial
colonialists,colonialist
colonists,colonist
colonizes,colonize
colonizers,colonizer
colonnades,colonnade
colonies,colony
colors,color
colorants,colorant
coloreds,colored
colorists,colorist
colts,colt
columns,column
columnists,columnist
comas,coma
comakers,comaker
combs,comb
combats,combat
combatants,combatant
combers,comber
combines,combine
combiners,combiner
combos,combo
combustibles,combustible
comes,come
comedians,comedian
comedies,comedy
comers,comer
comestibles,comestible
comets,comet
comforts,comfort
comforters,comforter
comics,comic
comings,coming
commas,comma
commands,command
commandants,commandant
commandeers,commandeer
commanders,commander
commandments,commandment
commandos,commando
commemorates,commemorate
commemorations,commemoration
commences,commence
commencements,commencement
commends,commend
commendations,commendation
comments,comment
commentaries,commentary
commentators,commentator
commercials,commercial
commercializes,commercialize
commingles,commingle
commissars,commissar
commissariats,commissariat
commissaries,commissary
commissions,commission
commissionaires,commissionaire
commissioners,commissioner
commits,commit
commitments,commitment
committals,committal
committees,committee
commodes,commode
commodities,commodity
commodores,commodore
commons,common
commonalities,commonality
commoners,commoner
commonplaces,commonplace
commonwealths,commonwealth
communes,commune
communicants,communicant
communicates,communicate
communications,communication
communicators,communicator
communiques,communique
communists,communist
communities,community
commutations,commutation
commutators,commutator
commutes,commute
commuters,commuter
commies,commy
comps,comp
compacts,compact
compactors,compactor
companions,companion
companies,company
comparatives,comparative
compares,compare
comparisons,comparison
compartments,compartment
compasses,compass
compatibles,compatible
compatriots,compatriot
compels,compel
compendiums,compendium
compensates,compensate
compensations,compensation
competes,compete
competences,competence
competencies,competency
competitions,competition
competitors,competitor
compilations,compilation
compiles,compile
compilers,compiler
complains,complain
complainants,complainant
complainers,complainer
complaints,complaint
complements,complement
completes,complete
completions,completion
complexes,complex
complexities,complexity
complicates,complicate
complications,complication
compliments,compliment
complies,comply
components,component
comports,comport
composes,compose
composers,composer
composites,composite
compositions,composition
compositors,compositor
composts,compost
compotes,compote
compounds,compound
comprehends,comprehend
comprehensions,comprehension
comprehensives,comprehensive
compresses,compress
compressors,compressor
comprises,comprise
compromises,compromise
comptrollers,comptroller
compulsions,compulsion
computations,computation
computes,compute
computers,computer
computerizes,computerize
comrades,comrade
cons,con
concatenates,concatenate
concavities,concavity
conceals,conceal
concedes,concede
conceives,conceive
concentrates,concentrate
concentrations,concentration
concepts,concept
conceptions,conception
conceptualizations,conceptualization
conceptualizes,conceptualize
concerns,concern
concerts,concert
concertinas,concertina
concertmasters,concertmaster
concessions,concession
concessionaires,concessionaire
conchs,conch
concierges,concierge
conciliates,conciliate
conciliators,conciliator
conclaves,conclave
concludes,conclude
conclusions,conclusion
concoctions,concoction
concomitants,concomitant
concordances,concordance
concretes,concrete
concubines,concubine
concurs,concur
concurrences,concurrence
concussions,concussion
condemns,condemn
condemnations,condemnation
condemners,condemner
condensates,condensate
condenses,condense
condensers,condenser
condiments,condiment
conditions,condition
conditionals,conditional
conditioners,conditioner
condos,condo
condolences,condolence
condoms,condom
condominiums,condominium
condones,condone
condors,condor
conduces,conduce
conducts,conduct
conductors,conductor
conduits,conduit
cones,cone
confections,confection
confectioners,confectioner
confectioneries,confectionery
confederations,confederation
confers,confer
conferees,conferee
conferences,conference
confesses,confess
confessions,confession
confidants,confidant
confides,confide
confidences,confidence
configurations,configuration
configures,configure
confines,confine
confirms,confirm
confirmations,confirmation
confiscations,confiscation
conflagrations,conflagration
conflates,conflate
conflations,conflation
conflicts,conflict
confluences,confluence
conforms,conform
conformers,conformer
conformists,conformist
confounds,confound
confraternities,confraternity
confronts,confront
confrontations,confrontation
confuses,confuse
confusions,confusion
congas,conga
congeals,congeal
congers,conger
congeries,congery
congests,congest
conglomerates,conglomerate
conglomerations,conglomeration
congrats,congrat
congratulates,congratulate
congratulations,congratulation
congregates,congregate
congregations,congregation
congresses,congress
congresspersons,congressperson
conics,conic
conifers,conifer
conjectures,conjecture
conjoins,conjoin
conjugates,conjugate
conjunctions,conjunction
conjunctivitis,conjunctivitis
conjures,conjure
conks,conk
connects,connect
connections,connection
connectors,connector
connives,connive
connoisseurs,connoisseur
connotations,connotation
connotes,connote
conquers,conquer
conquerors,conqueror
conquests,conquest
conquistadors,conquistador
consciousnesses,consciousness
conscripts,conscript
conses,conse
consensuses,consensus
consents,consent
consequences,consequence
conservancies,conservancy
conservationists,conservationist
conservatives,conservative
conservatoires,conservatoire
conservators,conservator
conservatories,conservatory
conserves,conserve
considers,consider
considerations,consideration
consigns,consign
consignees,consignee
consignments,consignment
consignors,consignor
consists,consist
consistencies,consistency
consolations,consolation
consoles,console
consolidates,consolidate
consolidations,consolidation
consolidators,consolidator
consonants,consonant
consorts,consort
conspiracies,conspiracy
conspirators,conspirator
conspires,conspire
constables,constable
constabularies,constabulary
constants,constant
constellations,constellation
constituencies,constituency
constituents,constituent
constitutes,constitute
constitutions,constitution
constitutionals,constitutional
constrains,constrain
constraints,constraint
constricts,constrict
constrictions,constriction
constrictors,constrictor
constructs,construct
constructions,construction
constructionists,constructionist
constructors,constructor
construes,construe
consuls,consul
consulates,consulate
consults,consult
consultancies,consultancy
consultants,consultant
consultations,consultation
consumables,consumable
consumes,consume
consumers,consumer
consumerists,consumerist
consummates,consummate
consumptives,consumptive
contacts,contact
contagions,contagion
contains,contain
containers,container
contaminants,contaminant
contaminates,contaminate
contaminators,contaminator
contemns,contemn
contemplates,contemplate
contemporaries,contemporary
contends,contend
contenders,contender
contents,content
contentions,contention
contests,contest
contestants,contestant
contexts,context
contextualizes,contextualize
continents,continent
continentals,continental
contingencies,contingency
contingents,contingent
continuances,continuance
continuations,continuation
continues,continue
continuities,continuity
contours,contour
contraceptives,contraceptive
contracts,contract
contractions,contraction
contractors,contractor
contradicts,contradict
contradictions,contradiction
contraflows,contraflow
contrails,contrail
contraindications,contraindication
contraptions,contraption
contrasts,contrast
contravenes,contravene
contraventions,contravention
contributes,contribute
contributions,contribution
contributors,contributor
controls,control
controllers,controller
controversies,controversy
contusions,contusion
conundrums,conundrum
conurbations,conurbation
convalescents,convalescent
convectors,convector
convenes,convene
conveners,convener
conveniences,convenience
convents,convent
conventions,convention
converges,converge
convergences,convergence
conversations,conversation
converses,converse
conversions,conversion
converts,convert
converters,converter
convertibles,convertible
conveys,convey
conveyances,conveyance
conveyors,conveyor
convicts,convict
convictions,conviction
convinces,convince
convocations,convocation
convokes,convoke
convoys,convoy
convulsions,convulsion
conies,cony
cooks,cook
cookers,cooker
cookeries,cookery
cookhouses,cookhouse
cookies,cookie
cools,cool
coolants,coolant
coolers,cooler
coolies,cooly
coons,coon
coops,coop
coopers,cooper
cooperates,cooperate
cooperatives,cooperative
cooperators,cooperator
coordinates,coordinate
coordinators,coordinator
coots,coot
cops,cop
copes,cope
copiers,copier
coppers,copper
copperheads,copperhead
copters,copter
copulas,copula
copies,copy
copybooks,copybook
copycats,copycat
copyrights,copyright
coracles,coracle
corals,coral
cords,cord
cordials,cordial
cordilleras,cordillera
cordons,cordon
cores,core
corers,corer
corks,cork
corkers,corker
corms,corm
cormorants,cormorant
corns,corn
corncobs,corncob
corneas,cornea
corners,corner
cornerstones,cornerstone
cornflakes,cornflake
cornstalks,cornstalk
corollas,corolla
corollaries,corollary
coronas,corona
coroners,coroner
coronets,coronet
corporals,corporal
corporations,corporation
corps,corps
corpses,corpse
corrals,corral
corrects,correct
corrections,correction
correctives,corrective
correlates,correlate
correlations,correlation
correlatives,correlative
corresponds,correspond
correspondences,correspondence
correspondents,correspondent
corridors,corridor
corroborates,corroborate
corrodes,corrode
corrosives,corrosive
corrugates,corrugate
corrugations,corrugation
corrupts,corrupt
corruptions,corruption
corries,corry
corsairs,corsair
corsets,corset
cortices,cortice
cosigns,cosign
cosignatories,cosignatory
cosigners,cosigner
cosmetics,cosmetic
cosmetologists,cosmetologist
cosmos,cosmo
cosmologies,cosmology
cosmonauts,cosmonaut
cosmopolitans,cosmopolitan
cosponsors,cosponsor
cossets,cosset
costs,cost
costings,costing
costumes,costume
costumers,costumer
cots,cot
cotes,cote
coteries,cotery
cottages,cottage
cottagers,cottager
cottons,cotton
cottonseeds,cottonseed
cottontails,cottontail
cotyledons,cotyledon
couches,couch
couchettes,couchette
cougars,cougar
coughs,cough
coulees,coulee
coulis,couli
coulombs,coulomb
councils,council
councilors,councilor
councilpersons,councilperson
counsels,counsel
counselors,counselor
counts,count
counters,counter
counteracts,counteract
counterarguments,counterargument
counterbalances,counterbalance
counterclaims,counterclaim
counterexamples,counterexample
counterfeits,counterfeit
counterfeiters,counterfeiter
counterfoils,counterfoil
counterinsurgencies,counterinsurgency
countermeasures,countermeasure
counterparts,counterpart
counterpoints,counterpoint
counterpoises,counterpoise
counterrevolutions,counterrevolution
countersigns,countersign
counterweights,counterweight
countries,country
countrysides,countryside
counties,county
coups,coup
coupes,coupe
couples,couple
couplets,couplet
couplings,coupling
coupons,coupon
courgettes,courgette
couriers,courier
courses,course
coursebooks,coursebook
coursers,courser
courts,court
courtesies,courtesy
courthouses,courthouse
courtiers,courtier
courtrooms,courtroom
courtyards,courtyard
cousins,cousin
couturiers,couturier
coves,cove
covens,coven
covenants,covenant
covers,cover
coveralls,coverall
coverings,covering
coverlets,coverlet
coverts,covert
covets,covet
cows,cow
cowards,coward
cowboys,cowboy
cowers,cower
cowhands,cowhand
cowherds,cowherd
cowhides,cowhide
cowls,cowl
cowlings,cowling
coworkers,coworker
cowries,cowry
cowsheds,cowshed
coxes,cox
coyotes,coyote
cozens,cozen
crabs,crab
crabbers,crabber
cracks,crack
crackdowns,crackdown
crackers,cracker
crackles,crackle
cradles,cradle
crafts,craft
crags,crag
crams,cram
crammers,crammer
cramps,cramp
cranberries,cranberry
cranes,crane
cranks,crank
crankshafts,crankshaft
craps,crap
crapes,crape
crashes,crash
crates,crate
craters,crater
cravats,cravat
craves,crave
cravens,craven
cravings,craving
craws,craw
crawlers,crawler
crawlspaces,crawlspace
crays,cray
crayolas,crayola
crayons,crayon
creaks,creak
creams,cream
creamers,creamer
creameries,creamery
creases,crease
creates,create
creations,creation
creationists,creationist
creatives,creative
creators,creator
creatures,creature
creches,crech
credentials,credential
credits,credit
creditors,creditor
credos,credo
creeds,creed
creeks,creek
creeps,creep
creepers,creeper
cremations,cremation
crematoriums,crematorium
crematories,crematory
cremes,creme
creoles,creole
creosotes,creosote
crepes,crepe
crescents,crescent
crests,crest
cretins,cretin
crevasses,crevass
crevices,crevice
crews,crew
cribs,crib
crickets,cricket
criers,crier
crimes,crime
criminals,criminal
criminalizes,criminalize
criminologists,criminologist
crimps,crimp
cringes,cringe
crinkles,crinkle
cripes,cripe
cripples,cripple
crises,crisis
crisps,crisp
critics,critic
criticisms,criticism
criticizes,criticize
criticizers,criticizer
critiques,critique
critters,critter
crochets,crochet
crocodiles,crocodile
crocuses,crocus
crofts,croft
croissants,croissant
crones,crone
cronies,crony
crooks,crook
croons,croon
crops,crop
croplands,cropland
croppers,cropper
croquettes,croquette
crosses,cross
crossbones,crossbone
crossbreeds,crossbreed
crosschecks,crosscheck
crosscurrents,crosscurrent
crosscuts,crosscut
crossings,crossing
crossovers,crossover
crossroads,crossroad
crosswalks,crosswalk
crosswinds,crosswind
crosswords,crossword
crows,crow
crowbars,crowbar
crowds,crowd
crowns,crown
crucibles,crucible
cruciforms,cruciform
crufts,cruft
cruises,cruise
cruisers,cruiser
crumbs,crumb
crumbles,crumble
crumples,crumple
crunches,crunch
crusades,crusade
crusaders,crusader
crushes,crush
crushers,crusher
crusts,crust
crustaceans,crustacean
crutches,crutch
cruxes,crux
cries,cry
cryogenics,cryogenic
crypts,crypt
crystals,crystal
crystallizes,crystallize
cubs,cub
cubes,cube
cubicles,cubicle
cubits,cubit
cuckoos,cuckoo
cucumbers,cucumber
cuds,cud
cues,cue
cuffs,cuff
cuisines,cuisine
culls,cull
culminates,culminate
culottes,culotte
culprits,culprit
cults,cult
cultivates,cultivate
cultivators,cultivator
cultures,culture
culverts,culvert
cums,cum
cumbers,cumber
cunts,cunt
cups,cup
cupboards,cupboard
cupolas,cupola
curates,curate
curatives,curative
curators,curator
curbs,curb
curbstones,curbstone
curds,curd
cures,cure
curers,curer
curfews,curfew
curiosities,curiosity
curls,curl
curlews,curlew
curmudgeons,curmudgeon
currants,currant
currencies,currency
currents,current
curries,curry
curses,curse
cursors,cursor
curtails,curtail
curtailments,curtailment
curtains,curtain
curvatures,curvature
curves,curve
curies,cury
cushions,cushion
cusps,cusp
cusses,cuss
custodians,custodian
customs,custom
customers,customer
customhouses,customhouse
customizes,customize
cuts,cut
cutbacks,cutback
cuticles,cuticle
cuties,cutie
cutlasses,cutlass
cutlets,cutlet
cutoffs,cutoff
cutouts,cutout
cutters,cutter
cuttings,cutting
cuttlefishes,cuttlefish
cutups,cutup
cutworms,cutworm
cybercafes,cybercafe
cybernetics,cybernetic
cycles,cycle
cyclists,cyclist
cyclometers,cyclometer
cyclones,cyclone
cyclops,cyclop
cylinders,cylinder
cynics,cynic
cypresses,cypress
cysts,cyst
cystitis,cystitis
czars,czar
dabs,dab
daces,dace
dachas,dacha
dads,dad
daddies,daddy
daffodils,daffodil
dags,dag
daggers,dagger
dahlias,dahlia
dailies,daily
dairies,dairy
daises,dais
daisies,daisy
dales,dale
dallies,dally
dams,dam
damages,damage
dames,dame
damns,damn
damps,damp
dampens,dampen
dampeners,dampener
dampers,damper
damselflies,damselfly
dances,dance
dancers,dancer
dangs,dang
dangers,danger
dangles,dangle
danglers,dangler
dares,dare
daredevils,daredevil
darers,darer
darkens,darken
darlings,darling
darns,darn
darts,dart
darters,darter
dashes,dash
dashboards,dashboard
databases,database
dates,date
daters,dater
daubs,daub
daughters,daughter
daunts,daunt
davenports,davenport
davits,davit
dawns,dawn
days,day
daylights,daylight
dazes,daze
deacons,deacon
deactivates,deactivate
deadens,deaden
deadlines,deadline
deadlocks,deadlock
deals,deal
dealers,dealer
dealerships,dealership
dealings,dealing
deans,dean
dears,dear
deaths,death
debs,deb
debacles,debacle
debars,debar
debates,debate
debentures,debenture
debilitates,debilitate
debilities,debility
debits,debit
debouches,debouch
debriefs,debrief
debriefings,debriefing
debris,debris
debts,debt
debtors,debtor
debunks,debunk
debuts,debut
decades,decade
decals,decal
decamps,decamp
decants,decant
decanters,decanter
decays,decay
deceases,decease
decedents,decedent
deceives,deceive
deceivers,deceiver
decelerates,decelerate
decelerators,decelerator
decentralizes,decentralize
deceptions,deception
decibels,decibel
decides,decide
deciders,decider
deciliters,deciliter
decimals,decimal
decimates,decimate
deciphers,decipher
decisions,decision
decks,deck
deckchairs,deckchair
deckhands,deckhand
declarations,declaration
declares,declare
declassifies,declassify
declines,decline
decliners,decliner
decodes,decode
decoders,decoder
decommissions,decommission
decomposes,decompose
decompresses,decompress
decongestants,decongestant
deconstructs,deconstruct
deconstructions,deconstruction
decontaminates,decontaminate
decontrols,decontrol
decors,decor
decorates,decorate
decorations,decoration
decorators,decorator
decoupages,decoupage
decouples,decouple
decoys,decoy
decreases,decrease
decrees,decree
decrements,decrement
decries,decry
dedicates,dedicate
dedicators,dedicator
deduces,deduce
deducts,deduct
deductibles,deductible
deductions,deduction
deeds,deed
deems,deem
deeps,deep
deepens,deepen
deers,deer
deescalates,deescalate
defaces,deface
defalcations,defalcation
defaults,default
defaulters,defaulter
defeats,defeat
defecates,defecate
defects,defect
defections,defection
defectives,defective
defectors,defector
defends,defend
defendants,defendant
defenders,defender
defenses,defense
defers,defer
deferments,deferment
deferrals,deferral
defibrillators,defibrillator
deficiencies,deficiency
deficits,deficit
defines,define
definers,definer
definitions,definition
deflates,deflate
deflects,deflect
deflections,deflection
deflectors,deflector
defoggers,defogger
defoliants,defoliant
defoliates,defoliate
defoliators,defoliator
deforms,deform
deformations,deformation
deformities,deformity
defrauds,defraud
defrays,defray
defrosts,defrost
defuses,defuse
defies,defy
degenerates,degenerate
degrades,degrade
degrees,degree
dehumanizes,dehumanize
dehumidifiers,dehumidifier
dehydrates,dehydrate
dehydrators,dehydrator
deices,deice
deicers,deicer
deigns,deign
deities,deity
delays,delay
delegates,delegate
delegations,delegation
deletes,delete
deletions,deletion
delis,deli
deliberates,deliberate
deliberations,deliberation
delicacies,delicacy
delights,delight
delimits,delimit
delimiters,delimiter
delineates,delineate
delineations,delineation
delinquencies,delinquency
delinquents,delinquent
deliquesces,deliquesce
delivers,deliver
deliverers,deliverer
deliveries,delivery
dells,dell
deltas,delta
deludes,delude
delusions,delusion
delves,delve
delvers,delver
demagogues,demagogue
demands,demand
demarcates,demarcate
demarcations,demarcation
demeans,demean
demerits,demerit
demises,demise
demos,demo
demobs,demob
demobilizes,demobilize
democracies,democracy
democrats,democrat
democratizes,democratize
demographers,demographer
demographics,demographic
demolishes,demolish
demolitions,demolition
demons,demon
demonetizes,demonetize
demonstrates,demonstrate
demonstrations,demonstration
demonstratives,demonstrative
demonstrators,demonstrator
demoralizes,demoralize
demotions,demotion
demotivates,demotivate
demurs,demur
demystifies,demystify
dens,den
dendrites,dendrite
denials,denial
deniers,denier
denims,denim
denizens,denizen
denominates,denominate
denominations,denomination
denominators,denominator
denotes,denote
denounces,denounce
denouncements,denouncement
densities,density
dents,dent
dentifrices,dentifrice
dentists,dentist
dentures,denture
denudes,denude
denunciations,denunciation
denies,deny
deodorants,deodorant
deodorizers,deodorizer
departs,depart
departments,department
departures,departure
depends,depend
dependencies,dependency
dependents,dependent
depicts,depict
depictions,depiction
depletes,deplete
deplores,deplore
deploys,deploy
deployments,deployment
depoliticizes,depoliticize
deports,deport
deportations,deportation
deportees,deportee
deposes,depose
deposits,deposit
depositions,deposition
depositors,depositor
depositories,depository
depots,depot
depreciates,depreciate
depredations,depredation
depresses,depress
depressants,depressant
depressions,depression
depressors,depressor
deprivations,deprivation
deprives,deprive
depths,depth
deputations,deputation
deputes,depute
deputizes,deputize
deputies,deputy
derails,derail
derailleurs,derailleur
derailments,derailment
deranges,derange
derbies,derby
deregulates,deregulate
derelicts,derelict
derivations,derivation
derivatives,derivative
derives,derive
dermatitis,dermatitis
dermatologists,dermatologist
derogates,derogate
derricks,derrick
dervishes,dervish
desalinates,desalinate
descends,descend
descendants,descendant
descents,descent
describes,describe
descriptions,description
descriptors,descriptor
descries,descry
deselects,deselect
desensitizes,desensitize
deserts,desert
deserters,deserter
desertions,desertion
deserves,deserve
desiccants,desiccant
desiccates,desiccate
desiccators,desiccator
designs,design
designates,designate
designations,designation
designers,designer
desires,desire
desists,desist
desks,desk
desktops,desktop
desperadoes,desperado
despises,despise
despots,despot
desserts,dessert
destabilizes,destabilize
destinations,destination
destines,destine
destinies,destiny
destroys,destroy
destroyers,destroyer
destructs,destruct
detaches,detach
detachments,detachment
details,detail
detains,detain
detainees,detainee
detects,detect
detectives,detective
detectors,detector
detentions,detention
deters,deter
detergents,detergent
deteriorates,deteriorate
determinants,determinant
determinations,determination
determines,determine
determiners,determiner
deterrents,deterrent
detonates,detonate
detonations,detonation
detonators,detonator
detours,detour
detracts,detract
detractors,detractor
detriments,detriment
deuces,deuce
devaluations,devaluation
devalues,devalue
devastates,devastate
develops,develop
developers,developer
developmentgoals,development goals
developments,development
deviants,deviant
deviates,deviate
deviations,deviation
devices,device
devils,devil
devises,devise
devolves,devolve
devotes,devote
devotees,devotee
devours,devour
dewberries,dewberry
dhows,dhow
diabetics,diabetic
diacritics,diacritic
diagnoses,diagnosis
diagnostics,diagnostic
diagnosticians,diagnostician
diagonals,diagonal
diagrams,diagram
dials,dial
dialects,dialect
dialectics,dialectic
dialogues,dialogue
dialyzes,dialyze
diameters,diameter
diamonds,diamond
diapers,diaper
diaphragms,diaphragm
diarists,diarist
diaries,diary
diatoms,diatom
dibs,dib
dices,dice
dichotomies,dichotomy
dicks,dick
dickens,dicken
dickers,dicker
dicotyledons,dicotyledon
dictates,dictate
dictators,dictator
dictatorships,dictatorship
dictionaries,dictionary
dies,die
dielectrics,dielectric
diesels,diesel
diets,diet
dieters,dieter
dietetics,dietetic
dietitians,dietitian
diffs,diff
differs,differ
differences,difference
differentials,differential
differentiates,differentiate
difficulties,difficulty
diffuses,diffuse
digs,dig
digests,digest
digestives,digestive
diggers,digger
diggings,digging
digits,digit
digitizes,digitize
dignitaries,dignitary
dignities,dignity
digresses,digress
digressions,digression
dikes,dike
diktats,diktat
dilates,dilate
dilators,dilator
dildos,dildo
dilemmas,dilemma
dills,dill
dillies,dilly
dilutes,dilute
dilutions,dilution
dimes,dime
dimensions,dimension
diminishes,diminish
diminutions,diminution
dimmers,dimmer
dimples,dimple
dins,din
dinars,dinar
dines,dine
diners,diner
dinghies,